{"GME": [1612023114.032347], "ALL": [1612023114.0398471], "AMC": [1612023114.0398471], "BB": [1612023114.0398471]}